ID;SKU;Línea;Nombre;Marca
B87;BC-029;Beauty Care;Gel oil cocoa;Vaseline
B90;BC-043;Beauty Care;Lip duo tono SANGRIA;Destiny
B91;BC-010;Beauty Care;Cepillo desenrredante;Akarella cosmeticos
B92;BC-005;Beauty Care;Base matte Tono Becca 00;Alissha
B93;BC-078;Beauty Care;Pestañina Anik;Anik
B94;BC-077;Beauty Care;Atenea Lip Oil;Atenea
B95;BC-009;Beauty Care;Pomos de corazon x3;Beauty tool
B96;BC-052;Beauty Care;Mascarillas en velo;Bioaqua
B97;BC-007;Beauty Care;Big Blender;Bloomshell
B98;BC-013;Beauty Care;Bloom fix fijador;Bloomshell
B99;BC-012;Beauty Care;Bloom Jelly primer;Bloomshell
B100;BC-028;Beauty Care;Bloom tinta aqua;Bloomshell
B101;BC-075;Beauty Care;Bloomshell Luxu;Bloomshell
B102;BC-070;Beauty Care;Contorno Tono 03;Bloomshell
B103;BC-035;Beauty Care;Corrector 10ml  LIGHT 00;Bloomshell
B104;BC-036;Beauty Care;Corrector 10ml  NATURAL 01;Bloomshell
B105;BC-034;Beauty Care;Corrector 10ml IVORY 04;Bloomshell
B106;BC-069;Beauty Care;Delineador de ojo;Bloomshell
B107;BC-019;Beauty Care;Fijador de cejas Bloom;Bloomshell
B108;BC-068;Beauty Care;Lapiz de cejas;Bloomshell
B109;BC-071;Beauty Care;Set de brochas;Bloomshell
B110;BC-016;Beauty Care;Rubor liquido tono 01 cupido;Bloomshell
B111;BC-033;Beauty Care;Mini kit centella;Centella
B112;BC-045;Beauty Care;Lip gloss tono FONDUE;Destiny
B113;BC-044;Beauty Care;Lip gloss tono HONEY;Destiny
B114;BC-047;Beauty Care;Gacho flor x2;Lihen.co
B115;BC-049;Beauty Care;Gacho flor x3;Lihen.co
B116;BC-048;Beauty Care;Gacho flor x4;Lihen.co
B117;BC-037;Beauty Care;Lip line RED;Girly by Luisa Palacio
B118;BC-038;Beauty Care;Lip liner LOVER;Girly by Luisa Palacio
B119;BC-039;Beauty Care;Lip liner MAROON;Girly by Luisa Palacio
B120;BC-030;Beauty Care;Brocha para cejas;Glow
B121;BC-023;Beauty Care;Gorro de satin;Lihen.co
B122;BC-024;Beauty Care;Moña de satin;Lihen.co
B123;BC-050;Beauty Care;Papelitos de arroz;Karite
B124;BC-051;Beauty Care;Mascarilla coreana hidrogel;Koec
B125;BC-041;Beauty Care;Color de verano;Lampiña
S68;ST-001;Style;Aretes dorados pequeños;Lihen.co
S69;ST-002;Style;Manilla ajustable;Lihen.co
S70;ST-003;Style;Blusa básica;Marca G
B126;ST-004;Beauty Care;Moña satinada;Lihen.co
S71;BC-065;Style;Anillo flores;Lihen.co
B127;BC-053;Beauty Care;Brillo llavero;New
B128;BC-008;Beauty Care;Poeder sponge;Lihen.co
B129;BC-079;Beauty Care;Pestañina Prosa;Prosa
B130;BC-042;Beauty Care;Kit cartuchera;Purpure
B131;BC-021;Beauty Care;Purpure glossy tomo 02;Purpure
B132;BC-022;Beauty Care;Purpure glossy tono 01;Purpure
B133;BC-040;Beauty Care;Rayitos de sol;Rayitos de sol
S72;BC-064;Style;Anillo corazon;Lihen.co
S73;BC-059;Style;Candoga pequeña de hoja;Lihen.co
S74;BC-058;Style;Candonga mediana;Lihen.co
S75;BC-060;Style;Candonga mediana dorada;Lihen.co
S76;BC-056;Style;Corazon virgen dorada;Lihen.co
S77;BC-057;Style;Choker de hojas;Lihen.co
S78;BC-066;Style;Ear cuff;Lihen.co
S79;BC-063;Style;Manilla flor con diamante verde;Lihen.co
S80;BC-061;Style;Manilla perlas rosa con blanco;Lihen.co
S81;BC-062;Style;Manilla sencilla;Lihen.co
B134;BC-001;Beauty Care;Corrector Flawless Tono BEGE 2;Ruby Rose
B135;BC-073;Beauty Care;Mascarilla de labios;Sammy
B136;BC-076;Beauty Care;Delineador Samy;Samy
B137;BC-081;Beauty Care;Lápiz Delineador Profesional Samy;Samy
B138;BC-080;Beauty Care;Paleta x9 sombras de ojos  Samy;Samy
B139;BC-014;Beauty Care;Lip gloss show your joy 03;SAS
B140;BC-015;Beauty Care;Lip gloss show your joy 09;SAS
B141;BC-003;Beauty Care;Polvo de hadas;SAS
B142;BC-025;Beauty Care;Rubor en barra 03;SAS
B143;BC-017;Beauty Care;Pestaniña;Star charming
B144;BC-004;Beauty Care;Base matte Tono 06;Ushas
B145;BC-002;Beauty Care;Corrector ushas Tono 08;Ushas
B146;BC-006;Beauty Care;Delineador liquido negro;Ushas
B147;BC-020;Beauty Care;Iluminador en pomo tono 02;Ushas
B148;BC-018;Beauty Care;Iluminador liquido tono 05;Ushas
B149;BC-046;Beauty Care;Polvo compacto 03;Ushas
B150;BC-026;Beauty Care;Tinta tono 01;Ushas
B151;BC-027;Beauty Care;Tinta tono 03;Ushas
B152;BC-055;Beauty Care;Crema shimmer vilandia;Vidan dreams
B153;BC-054;Beauty Care;Mini mantequilla mundo vilandia;Vidan dreams
B154;BC-011;Beauty Care;Desmaquillador bifasico;Vive beauty
B155;BC-032;Beauty Care;Exfoliante corporal;Vive beauty
B156;BC-031;Beauty Care;Mantequilla corporal;Vive beauty
B157;BC-067;Beauty Care;Agua de rosas;Vive beauty
B158;BC-074;Beauty Care;Delineador de ojo;Vogue
B159;BC-072;Beauty Care;Voluminizador;Vogue
