ID;Estado;Línea;Categoría;Nombre;Marca;Precio;Disponibilidad;Descripción;Talla;Color;Etiqueta;Carpeta categoría;Carpeta producto;Imágenes
B50;Activo;Beauty Care;Cuidado capilar / acondicionador;Acondicionador Kaba;Kaba;40000;Disponible / por confirmar;Acondicionador Kaba de Kaba. Producto confirmado para el catálogo de LIHEN.CO en la categoría Cuidado capilar / acondicionador. Consulta por WhatsApp para confirmar disponibilidad, presentación, tono o referencia aplicable antes de realizar el pedido.;Por confirmar;Por confirmar;Producto confirmado;cuidado_capilar;kaba_acondicionador_kaba;./assets/productos/BEAUTY_CARE/cuidado_capilar/kaba_acondicionador_kaba/kaba_acondicionador_kaba_0.webp|./assets/productos/BEAUTY_CARE/cuidado_capilar/kaba_acondicionador_kaba/kaba_acondicionador_kaba_1.webp
B51;Activo;Beauty Care;Cuidado capilar / mascarilla;Biomascarilla Kaba;Kaba;45000;Disponible / por confirmar;Biomascarilla Kaba de Kaba. Producto confirmado para el catálogo de LIHEN.CO en la categoría Cuidado capilar / mascarilla. Consulta por WhatsApp para confirmar disponibilidad, presentación, tono o referencia aplicable antes de realizar el pedido.;Por confirmar;Por confirmar;Producto confirmado;cuidado_capilar;kaba_biomascarilla_kaba;./assets/productos/BEAUTY_CARE/cuidado_capilar/kaba_biomascarilla_kaba/kaba_biomascarilla_kaba_0.webp|./assets/productos/BEAUTY_CARE/cuidado_capilar/kaba_biomascarilla_kaba/kaba_biomascarilla_kaba_1.webp
B52;Activo;Beauty Care;Cuidado capilar / tratamiento;Repolarizador Kaba;Kaba;50000;Disponible / por confirmar;Repolarizador Kaba de Kaba. Producto confirmado para el catálogo de LIHEN.CO en la categoría Cuidado capilar / tratamiento. Consulta por WhatsApp para confirmar disponibilidad, presentación, tono o referencia aplicable antes de realizar el pedido.;Por confirmar;Por confirmar;Producto confirmado;cuidado_capilar;kaba_repolarizador_kaba;./assets/productos/BEAUTY_CARE/cuidado_capilar/kaba_repolarizador_kaba/kaba_repolarizador_kaba_0.webp|./assets/productos/BEAUTY_CARE/cuidado_capilar/kaba_repolarizador_kaba/kaba_repolarizador_kaba_1.webp
B49;Activo;Beauty Care;Cuidado capilar / shampoo;Shampoo Kaba;Kaba;45000;Disponible / por confirmar;Shampoo Kaba de Kaba. Producto confirmado para el catálogo de LIHEN.CO en la categoría Cuidado capilar / shampoo. Consulta por WhatsApp para confirmar disponibilidad, presentación, tono o referencia aplicable antes de realizar el pedido.;Por confirmar;Por confirmar;Producto confirmado;cuidado_capilar;kaba_shampoo_kaba;./assets/productos/BEAUTY_CARE/cuidado_capilar/kaba_shampoo_kaba/kaba_shampoo_kaba_0.webp|./assets/productos/BEAUTY_CARE/cuidado_capilar/kaba_shampoo_kaba/kaba_shampoo_kaba_1.webp
B53;Activo;Beauty Care;Cuidado capilar / tónico;Tónico de Crecimiento Kaba;Kaba;45000;Disponible / por confirmar;Tónico de Crecimiento Kaba de Kaba. Producto confirmado para el catálogo de LIHEN.CO en la categoría Cuidado capilar / tónico. Consulta por WhatsApp para confirmar disponibilidad, presentación, tono o referencia aplicable antes de realizar el pedido.;Por confirmar;Por confirmar;Producto confirmado;cuidado_capilar;kaba_tonico_de_crecimiento_kaba;./assets/productos/BEAUTY_CARE/cuidado_capilar/kaba_tonico_de_crecimiento_kaba/kaba_tonico_de_crecimiento_kaba_0.webp|./assets/productos/BEAUTY_CARE/cuidado_capilar/kaba_tonico_de_crecimiento_kaba/kaba_tonico_de_crecimiento_kaba_1.webp
B57;Activo;Beauty Care;Cuidado capilar / acondicionador;Shampoo de Romero Para Cabello Graso;La Receta CBD;50000;Disponible / por confirmar;Shampoo de Romero Para Cabello Graso de La Receta CBD. Producto confirmado para el catálogo de LIHEN.CO en la categoría Cuidado capilar / acondicionador. Consulta por WhatsApp para confirmar disponibilidad, presentación, tono o referencia aplicable antes de realizar el pedido.;Por confirmar;Por confirmar;Producto confirmado;cuidado_capilar;la_receta_cbd_acondicionador_nuevo;./assets/productos/BEAUTY_CARE/cuidado_capilar/la_receta_cbd_acondicionador_nuevo/la_receta_cbd_acondicionador_nuevo_0.webp|./assets/productos/BEAUTY_CARE/cuidado_capilar/la_receta_cbd_acondicionador_nuevo/la_receta_cbd_acondicionador_nuevo_1.webp
B59;Activo;Beauty Care;Cuidado capilar / gotas;Gotas Aceite reparador de puntas;La Receta CBD;35000;Disponible / por confirmar;Gotas Aceite reparador de puntas de La Receta CBD. Producto confirmado para el catálogo de LIHEN.CO en la categoría Cuidado capilar / gotas. Consulta por WhatsApp para confirmar disponibilidad, presentación, tono o referencia aplicable antes de realizar el pedido.;Por confirmar;Por confirmar;Producto confirmado;cuidado_capilar;la_receta_cbd_gotas_cbd;./assets/productos/BEAUTY_CARE/cuidado_capilar/la_receta_cbd_gotas_cbd/la_receta_cbd_gotas_cbd_0.webp|./assets/productos/BEAUTY_CARE/cuidado_capilar/la_receta_cbd_gotas_cbd/la_receta_cbd_gotas_cbd_1.webp
B58;Activo;Beauty Care;Cuidado capilar / shampoo;Shampoo Anticaspa;La Receta CBD;50000;Disponible / por confirmar;Shampoo Anticaspa de La Receta CBD. Producto confirmado para el catálogo de LIHEN.CO en la categoría Cuidado capilar / shampoo. Consulta por WhatsApp para confirmar disponibilidad, presentación, tono o referencia aplicable antes de realizar el pedido.;Por confirmar;Por confirmar;Producto confirmado;cuidado_capilar;la_receta_cbd_shampoo_anticaspa;./assets/productos/BEAUTY_CARE/cuidado_capilar/la_receta_cbd_shampoo_anticaspa/la_receta_cbd_shampoo_anticaspa_0.webp|./assets/productos/BEAUTY_CARE/cuidado_capilar/la_receta_cbd_shampoo_anticaspa/la_receta_cbd_shampoo_anticaspa_1.webp
B56;Activo;Beauty Care;Cuidado capilar / shampoo;Shampoo Argán;La Receta CBD;40000;Disponible / por confirmar;Shampoo Argán de La Receta CBD. Producto confirmado para el catálogo de LIHEN.CO en la categoría Cuidado capilar / shampoo. Consulta por WhatsApp para confirmar disponibilidad, presentación, tono o referencia aplicable antes de realizar el pedido.;Por confirmar;Por confirmar;Producto confirmado;cuidado_capilar;la_receta_cbd_shampoo_argan;./assets/productos/BEAUTY_CARE/cuidado_capilar/la_receta_cbd_shampoo_argan/la_receta_cbd_shampoo_argan_0.webp|./assets/productos/BEAUTY_CARE/cuidado_capilar/la_receta_cbd_shampoo_argan/la_receta_cbd_shampoo_argan_1.webp
B55;Activo;Beauty Care;Cuidado capilar / shampoo;Shampoo Romero;La Receta CBD;50000;Disponible / por confirmar;Shampoo Romero de La Receta CBD. Producto confirmado para el catálogo de LIHEN.CO en la categoría Cuidado capilar / shampoo. Consulta por WhatsApp para confirmar disponibilidad, presentación, tono o referencia aplicable antes de realizar el pedido.;Por confirmar;Por confirmar;Producto confirmado;cuidado_capilar;la_receta_cbd_shampoo_romero;./assets/productos/BEAUTY_CARE/cuidado_capilar/la_receta_cbd_shampoo_romero/la_receta_cbd_shampoo_romero_0.webp|./assets/productos/BEAUTY_CARE/cuidado_capilar/la_receta_cbd_shampoo_romero/la_receta_cbd_shampoo_romero_1.webp
B60;Activo;Beauty Care;Cuidado capilar / tónico;Tónico Anticaída;La Receta CBD;50000;Disponible / por confirmar;Tónico Anticaída de La Receta CBD. Producto confirmado para el catálogo de LIHEN.CO en la categoría Cuidado capilar / tónico. Consulta por WhatsApp para confirmar disponibilidad, presentación, tono o referencia aplicable antes de realizar el pedido.;Por confirmar;Por confirmar;Producto confirmado;cuidado_capilar;la_receta_cbd_tonico_anticaida;./assets/productos/BEAUTY_CARE/cuidado_capilar/la_receta_cbd_tonico_anticaida/la_receta_cbd_tonico_anticaida_0.webp|./assets/productos/BEAUTY_CARE/cuidado_capilar/la_receta_cbd_tonico_anticaida/la_receta_cbd_tonico_anticaida_1.webp
B62;Activo;Beauty Care;Cuidado corporal / bronceador;Bronceador Coco;D'Luchi;45000;Disponible / por confirmar;Bronceador Coco de D'Luchi. Producto confirmado para el catálogo de LIHEN.CO en la categoría Cuidado corporal / bronceador. Consulta por WhatsApp para confirmar disponibilidad, presentación, tono o referencia aplicable antes de realizar el pedido.;Por confirmar;Por confirmar;Producto confirmado;cuidado_corporal;d_luchi_bronceador_coco;./assets/productos/BEAUTY_CARE/cuidado_corporal/d_luchi_bronceador_coco/d_luchi_bronceador_coco_0.webp|./assets/productos/BEAUTY_CARE/cuidado_corporal/d_luchi_bronceador_coco/d_luchi_bronceador_coco_1.webp
B66;Activo;Beauty Care;Cuidado corporal / bronceador;Bronceador en Gel;D'Luchi;50000;Disponible / por confirmar;Bronceador en Gel de D'Luchi. Producto confirmado para el catálogo de LIHEN.CO en la categoría Cuidado corporal / bronceador. Consulta por WhatsApp para confirmar disponibilidad, presentación, tono o referencia aplicable antes de realizar el pedido.;Por confirmar;Por confirmar;Producto confirmado;cuidado_corporal;d_luchi_bronceador_en_gel;./assets/productos/BEAUTY_CARE/cuidado_corporal/d_luchi_bronceador_en_gel/d_luchi_bronceador_en_gel_0.webp|./assets/productos/BEAUTY_CARE/cuidado_corporal/d_luchi_bronceador_en_gel/d_luchi_bronceador_en_gel_1.webp
B61;Activo;Beauty Care;Cuidado corporal / bronceador;Bronceador Zanahoria;D'Luchi;45000;Disponible / por confirmar;Bronceador Zanahoria de D'Luchi. Producto confirmado para el catálogo de LIHEN.CO en la categoría Cuidado corporal / bronceador. Consulta por WhatsApp para confirmar disponibilidad, presentación, tono o referencia aplicable antes de realizar el pedido.;Por confirmar;Por confirmar;Producto confirmado;cuidado_corporal;d_luchi_bronceador_zanahoria;./assets/productos/BEAUTY_CARE/cuidado_corporal/d_luchi_bronceador_zanahoria/d_luchi_bronceador_zanahoria_0.webp|./assets/productos/BEAUTY_CARE/cuidado_corporal/d_luchi_bronceador_zanahoria/d_luchi_bronceador_zanahoria_1.webp
B65;Activo;Beauty Care;Cuidado corporal / gel;Gel de Aloe Vera;D'Luchi;50000;Disponible / por confirmar;Gel de Aloe Vera de D'Luchi. Producto confirmado para el catálogo de LIHEN.CO en la categoría Cuidado corporal / gel. Consulta por WhatsApp para confirmar disponibilidad, presentación, tono o referencia aplicable antes de realizar el pedido.;Por confirmar;Por confirmar;Producto confirmado;cuidado_corporal;d_luchi_gel_de_aloe_vera;./assets/productos/BEAUTY_CARE/cuidado_corporal/d_luchi_gel_de_aloe_vera/d_luchi_gel_de_aloe_vera_0.webp|./assets/productos/BEAUTY_CARE/cuidado_corporal/d_luchi_gel_de_aloe_vera/d_luchi_gel_de_aloe_vera_1.webp
B63;Activo;Beauty Care;Cuidado corporal / loción;Loción de Oro;D'Luchi;15000;Disponible / por confirmar;Loción de Oro de D'Luchi. Producto confirmado para el catálogo de LIHEN.CO en la categoría Cuidado corporal / loción. Consulta por WhatsApp para confirmar disponibilidad, presentación, tono o referencia aplicable antes de realizar el pedido.;Por confirmar;Por confirmar;Producto confirmado;cuidado_corporal;d_luchi_locion_de_oro;./assets/productos/BEAUTY_CARE/cuidado_corporal/d_luchi_locion_de_oro/d_luchi_locion_de_oro_0.webp|./assets/productos/BEAUTY_CARE/cuidado_corporal/d_luchi_locion_de_oro/d_luchi_locion_de_oro_1.webp
B64;Activo;Beauty Care;Cuidado corporal / mantequilla;Mantequilla Corporal;D'Luchi;50000;Disponible / por confirmar;Mantequilla Corporal de D'Luchi. Producto confirmado para el catálogo de LIHEN.CO en la categoría Cuidado corporal / mantequilla. Consulta por WhatsApp para confirmar disponibilidad, presentación, tono o referencia aplicable antes de realizar el pedido.;Por confirmar;Por confirmar;Producto confirmado;cuidado_corporal;d_luchi_mantequilla_corporal;./assets/productos/BEAUTY_CARE/cuidado_corporal/d_luchi_mantequilla_corporal/d_luchi_mantequilla_corporal_0.webp|./assets/productos/BEAUTY_CARE/cuidado_corporal/d_luchi_mantequilla_corporal/d_luchi_mantequilla_corporal_1.webp
B68;Activo;Beauty Care;Cuidado corporal / brillo corporal;Chispita de Luna;Vive Beauty;25000;Disponible / por confirmar;Chispita de Luna de Vive Beauty. Producto confirmado para el catálogo de LIHEN.CO en la categoría Cuidado corporal / brillo corporal. Consulta por WhatsApp para confirmar disponibilidad, presentación, tono o referencia aplicable antes de realizar el pedido.;Por confirmar;Por confirmar;Producto confirmado;cuidado_corporal;vive_beauty_chispita_de_luna;./assets/productos/BEAUTY_CARE/cuidado_corporal/vive_beauty_chispita_de_luna/vive_beauty_chispita_de_luna_0.webp|./assets/productos/BEAUTY_CARE/cuidado_corporal/vive_beauty_chispita_de_luna/vive_beauty_chispita_de_luna_1.webp
B67;Activo;Beauty Care;Cuidado corporal / gel de ducha;Gel de Ducha;Vive Beauty;28000;Disponible / por confirmar;Gel de Ducha de Vive Beauty. Producto confirmado para el catálogo de LIHEN.CO en la categoría Cuidado corporal / gel de ducha. Consulta por WhatsApp para confirmar disponibilidad, presentación, tono o referencia aplicable antes de realizar el pedido.;Por confirmar;Por confirmar;Producto confirmado;cuidado_corporal;vive_beauty_gel_de_ducha;./assets/productos/BEAUTY_CARE/cuidado_corporal/vive_beauty_gel_de_ducha/vive_beauty_gel_de_ducha_0.webp|./assets/productos/BEAUTY_CARE/cuidado_corporal/vive_beauty_gel_de_ducha/vive_beauty_gel_de_ducha_1.webp
B54;Activo;Beauty Care;Cuidado facial / loción;Loción Astringente Kaba;Kaba;60000;Disponible / por confirmar;Loción Astringente Kaba de Kaba. Producto confirmado para el catálogo de LIHEN.CO en la categoría Cuidado facial / loción. Consulta por WhatsApp para confirmar disponibilidad, presentación, tono o referencia aplicable antes de realizar el pedido.;Por confirmar;Por confirmar;Producto confirmado;cuidado_facial;kaba_locion_astringente_kaba;./assets/productos/BEAUTY_CARE/cuidado_facial/kaba_locion_astringente_kaba/kaba_locion_astringente_kaba_0.webp|./assets/productos/BEAUTY_CARE/cuidado_facial/kaba_locion_astringente_kaba/kaba_locion_astringente_kaba_1.webp
B77;Activo;Beauty Care;Maquillaje / producto por confirmar;Bloom Capuchic;Bloom;18000;Disponible / por confirmar;Bloom Capuchic de Bloom. Producto confirmado para el catálogo de LIHEN.CO en la categoría Maquillaje / producto por confirmar. Consulta por WhatsApp para confirmar disponibilidad, presentación, tono o referencia aplicable antes de realizar el pedido.;Por confirmar;Por confirmar;Producto confirmado;maquillaje;bloom_bloom_capuchic;./assets/productos/BEAUTY_CARE/maquillaje/bloom_bloom_capuchic/bloom_bloom_capuchic_0.webp|./assets/productos/BEAUTY_CARE/maquillaje/bloom_bloom_capuchic/bloom_bloom_capuchic_1.webp
B71;Activo;Beauty Care;Maquillaje / producto por confirmar;Bloom Cosmic;Bloom;34000;Disponible / por confirmar;Bloom Cosmic de Bloom. Producto confirmado para el catálogo de LIHEN.CO en la categoría Maquillaje / producto por confirmar. Consulta por WhatsApp para confirmar disponibilidad, presentación, tono o referencia aplicable antes de realizar el pedido.;Por confirmar;Por confirmar;Producto confirmado;maquillaje;bloom_bloom_cosmic;./assets/productos/BEAUTY_CARE/maquillaje/bloom_bloom_cosmic/bloom_bloom_cosmic_0.webp|./assets/productos/BEAUTY_CARE/maquillaje/bloom_bloom_cosmic/bloom_bloom_cosmic_1.webp
B76;Activo;Beauty Care;Maquillaje / producto con brillo;Bloom Dolce Destello;Bloom;25000;Disponible / por confirmar;Bloom Dolce Destello de Bloom. Producto confirmado para el catálogo de LIHEN.CO en la categoría Maquillaje / producto con brillo. Consulta por WhatsApp para confirmar disponibilidad, presentación, tono o referencia aplicable antes de realizar el pedido.;Por confirmar;Por confirmar;Producto confirmado;maquillaje;bloom_bloom_dolce_destello;./assets/productos/BEAUTY_CARE/maquillaje/bloom_bloom_dolce_destello/bloom_bloom_dolce_destello_0.webp|./assets/productos/BEAUTY_CARE/maquillaje/bloom_bloom_dolce_destello/bloom_bloom_dolce_destello_1.webp
B84;Activo;Beauty Care;Maquillaje / jelly;Bloom Jelly Fusion;Bloom;32900;Disponible / por confirmar;Bloom Jelly Fusion de Bloom. Producto confirmado para el catálogo de LIHEN.CO en la categoría Maquillaje / jelly. Consulta por WhatsApp para confirmar disponibilidad, presentación, tono o referencia aplicable antes de realizar el pedido.;Por confirmar;Por confirmar;Producto confirmado;maquillaje;bloom_bloom_jelly_fusion;./assets/productos/BEAUTY_CARE/maquillaje/bloom_bloom_jelly_fusion/bloom_bloom_jelly_fusion_0.webp|./assets/productos/BEAUTY_CARE/maquillaje/bloom_bloom_jelly_fusion/bloom_bloom_jelly_fusion_1.webp
B80;Activo;Beauty Care;Maquillaje / producto por confirmar;Bloom Pop Mimosa;Bloom;25000;Disponible / por confirmar;Bloom Pop Mimosa de Bloom. Producto confirmado para el catálogo de LIHEN.CO en la categoría Maquillaje / producto por confirmar. Consulta por WhatsApp para confirmar disponibilidad, presentación, tono o referencia aplicable antes de realizar el pedido.;Por confirmar;Por confirmar;Producto confirmado;maquillaje;bloom_bloom_pop_mimosa;./assets/productos/BEAUTY_CARE/maquillaje/bloom_bloom_pop_mimosa/bloom_bloom_pop_mimosa_0.webp|./assets/productos/BEAUTY_CARE/maquillaje/bloom_bloom_pop_mimosa/bloom_bloom_pop_mimosa_1.webp
B72;Activo;Beauty Care;Maquillaje / producto por confirmar;Bloom Ultra Blendi;Bloom;13500;Disponible / por confirmar;Bloom Ultra Blendi de Bloom. Producto confirmado para el catálogo de LIHEN.CO en la categoría Maquillaje / producto por confirmar. Consulta por WhatsApp para confirmar disponibilidad, presentación, tono o referencia aplicable antes de realizar el pedido.;Por confirmar;Por confirmar;Producto confirmado;maquillaje;bloom_bloom_ultra_blendi;./assets/productos/BEAUTY_CARE/maquillaje/bloom_bloom_ultra_blendi/bloom_bloom_ultra_blendi_0.webp|./assets/productos/BEAUTY_CARE/maquillaje/bloom_bloom_ultra_blendi/bloom_bloom_ultra_blendi_10.webp
B81;Activo;Beauty Care;Maquillaje / paleta o producto multiuso;Bloom Vibes;Bloom;43000;Disponible / por confirmar;Bloom Vibes de Bloom. Producto confirmado para el catálogo de LIHEN.CO en la categoría Maquillaje / paleta o producto multiuso. Consulta por WhatsApp para confirmar disponibilidad, presentación, tono o referencia aplicable antes de realizar el pedido.;Por confirmar;Por confirmar;Producto confirmado;maquillaje;bloom_bloom_vibes;./assets/productos/BEAUTY_CARE/maquillaje/bloom_bloom_vibes/bloom_bloom_vibes_0.webp|./assets/productos/BEAUTY_CARE/maquillaje/bloom_bloom_vibes/bloom_bloom_vibes_1.webp
B78;Activo;Beauty Care;Maquillaje de cejas / laminador;Bloom Lamination XL;Bloom;25000;Disponible / por confirmar;Bloom Lamination XL de Bloom. Producto confirmado para el catálogo de LIHEN.CO en la categoría Maquillaje de cejas / laminador. Consulta por WhatsApp para confirmar disponibilidad, presentación, tono o referencia aplicable antes de realizar el pedido.;Por confirmar;Por confirmar;Producto confirmado;maquillaje_de_cejas;bloom_bloom_lamination_xl;./assets/productos/BEAUTY_CARE/maquillaje_de_cejas/bloom_bloom_lamination_xl/bloom_bloom_lamination_xl_0.webp|./assets/productos/BEAUTY_CARE/maquillaje_de_cejas/bloom_bloom_lamination_xl/bloom_bloom_lamination_xl_1.webp
B79;Activo;Beauty Care;Maquillaje de labios / producto labial;Bloom Latte Kiss;Bloom;22000;Disponible / por confirmar;Bloom Latte Kiss de Bloom. Producto confirmado para el catálogo de LIHEN.CO en la categoría Maquillaje de labios / producto labial. Consulta por WhatsApp para confirmar disponibilidad, presentación, tono o referencia aplicable antes de realizar el pedido.;Por confirmar;Por confirmar;Producto confirmado;maquillaje_de_labios;bloom_bloom_latte_kiss;./assets/productos/BEAUTY_CARE/maquillaje_de_labios/bloom_bloom_latte_kiss/bloom_bloom_latte_kiss_0.webp|./assets/productos/BEAUTY_CARE/maquillaje_de_labios/bloom_bloom_latte_kiss/bloom_bloom_latte_kiss_1.webp
B75;Activo;Beauty Care;Maquillaje de labios / gloss;Bloom Lumi Gloss;Bloom;18500;Disponible / por confirmar;Bloom Lumi Gloss de Bloom. Producto confirmado para el catálogo de LIHEN.CO en la categoría Maquillaje de labios / gloss. Consulta por WhatsApp para confirmar disponibilidad, presentación, tono o referencia aplicable antes de realizar el pedido.;Por confirmar;Por confirmar;Producto confirmado;maquillaje_de_labios;bloom_bloom_lumi_gloss;./assets/productos/BEAUTY_CARE/maquillaje_de_labios/bloom_bloom_lumi_gloss/bloom_bloom_lumi_gloss_0.webp|./assets/productos/BEAUTY_CARE/maquillaje_de_labios/bloom_bloom_lumi_gloss/bloom_bloom_lumi_gloss_1.webp
B73;Activo;Beauty Care;Maquillaje de labios y mejillas / tinta hidratante;Bloom Hydratint;Bloom;18000;Disponible / por confirmar;Bloom Hydratint de Bloom. Producto confirmado para el catálogo de LIHEN.CO en la categoría Maquillaje de labios y mejillas / tinta hidratante. Consulta por WhatsApp para confirmar disponibilidad, presentación, tono o referencia aplicable antes de realizar el pedido.;Por confirmar;Por confirmar;Producto confirmado;maquillaje_de_labios_y_mejillas;bloom_bloom_hydratint;./assets/productos/BEAUTY_CARE/maquillaje_de_labios_y_mejillas/bloom_bloom_hydratint/bloom_bloom_hydratint_0.webp|./assets/productos/BEAUTY_CARE/maquillaje_de_labios_y_mejillas/bloom_bloom_hydratint/bloom_bloom_hydratint_1.webp
B85;Activo;Beauty Care;Maquillaje de ojos / pestañina o producto de rizado;Bloom Amore Curl;Bloom;15000;Disponible / por confirmar;Bloom Amore Curl de Bloom. Producto confirmado para el catálogo de LIHEN.CO en la categoría Maquillaje de ojos / pestañina o producto de rizado. Consulta por WhatsApp para confirmar disponibilidad, presentación, tono o referencia aplicable antes de realizar el pedido.;Por confirmar;Por confirmar;Producto confirmado;maquillaje_de_ojos;bloom_bloom_amore_curl;./assets/productos/BEAUTY_CARE/maquillaje_de_ojos/bloom_bloom_amore_curl/bloom_bloom_amore_curl_0.webp|./assets/productos/BEAUTY_CARE/maquillaje_de_ojos/bloom_bloom_amore_curl/bloom_bloom_amore_curl_1.webp
B70;Activo;Beauty Care;Maquillaje de ojos / pestañina;Pestañina Lash Waterproof;Bloom;25000;Disponible / por confirmar;Pestañina Lash Waterproof de Bloom. Producto confirmado para el catálogo de LIHEN.CO en la categoría Maquillaje de ojos / pestañina. Consulta por WhatsApp para confirmar disponibilidad, presentación, tono o referencia aplicable antes de realizar el pedido.;Por confirmar;Por confirmar;Producto confirmado;maquillaje_de_ojos;bloom_pestanina_lash_waterproof;./assets/productos/BEAUTY_CARE/maquillaje_de_ojos/bloom_pestanina_lash_waterproof/bloom_pestanina_lash_waterproof_0.webp|./assets/productos/BEAUTY_CARE/maquillaje_de_ojos/bloom_pestanina_lash_waterproof/bloom_pestanina_lash_waterproof_1.webp
B82;Activo;Beauty Care;Maquillaje facial / papel matificante o polvo;Bloom Powder Paper;Bloom;25000;Disponible / por confirmar;Bloom Powder Paper de Bloom. Producto confirmado para el catálogo de LIHEN.CO en la categoría Maquillaje facial / papel matificante o polvo. Consulta por WhatsApp para confirmar disponibilidad, presentación, tono o referencia aplicable antes de realizar el pedido.;Por confirmar;Por confirmar;Producto confirmado;maquillaje_facial;bloom_bloom_powder_paper;./assets/productos/BEAUTY_CARE/maquillaje_facial/bloom_bloom_powder_paper/bloom_bloom_powder_paper_0.webp|./assets/productos/BEAUTY_CARE/maquillaje_facial/bloom_bloom_powder_paper/bloom_bloom_powder_paper_1.webp
B69;Activo;Beauty Care;Maquillaje facial / corrector;Corrector Neutralizante Bloom;Bloom;25000;Disponible / por confirmar;Corrector Neutralizante Bloom de Bloom. Producto confirmado para el catálogo de LIHEN.CO en la categoría Maquillaje facial / corrector. Consulta por WhatsApp para confirmar disponibilidad, presentación, tono o referencia aplicable antes de realizar el pedido.;Por confirmar;Por confirmar;Producto confirmado;maquillaje_facial;bloom_corrector_neutralizante_bloom;./assets/productos/BEAUTY_CARE/maquillaje_facial/bloom_corrector_neutralizante_bloom/bloom_corrector_neutralizante_bloom_0.webp|./assets/productos/BEAUTY_CARE/maquillaje_facial/bloom_corrector_neutralizante_bloom/bloom_corrector_neutralizante_bloom_1.webp
B74;Activo;Beauty Care;Maquillaje facial / polvo compacto;Polvo Compacto Bloom;Bloom;32000;Disponible / por confirmar;Polvo Compacto Bloom de Bloom. Producto confirmado para el catálogo de LIHEN.CO en la categoría Maquillaje facial / polvo compacto. Consulta por WhatsApp para confirmar disponibilidad, presentación, tono o referencia aplicable antes de realizar el pedido.;Por confirmar;Por confirmar;Producto confirmado;maquillaje_facial;bloom_polvo_compacto_bloom;./assets/productos/BEAUTY_CARE/maquillaje_facial/bloom_polvo_compacto_bloom/bloom_polvo_compacto_bloom_0.webp|./assets/productos/BEAUTY_CARE/maquillaje_facial/bloom_polvo_compacto_bloom/bloom_polvo_compacto_bloom_1.webp
B83;Activo;Beauty Care;Maquillaje o cuidado de labios / producto por confirmar;Bloom Aqua Fruit;Bloom;19000;Disponible / por confirmar;Bloom Aqua Fruit de Bloom. Producto confirmado para el catálogo de LIHEN.CO en la categoría Maquillaje o cuidado de labios / producto por confirmar. Consulta por WhatsApp para confirmar disponibilidad, presentación, tono o referencia aplicable antes de realizar el pedido.;Por confirmar;Por confirmar;Producto confirmado;maquillaje_o_cuidado_de_labios;bloom_bloom_aqua_fruit;./assets/productos/BEAUTY_CARE/maquillaje_o_cuidado_de_labios/bloom_bloom_aqua_fruit/bloom_bloom_aqua_fruit_0.webp|./assets/productos/BEAUTY_CARE/maquillaje_o_cuidado_de_labios/bloom_bloom_aqua_fruit/bloom_bloom_aqua_fruit_1.webp
S50;Activo;Style;Ropa deportiva / faja;Chaleco Extremo;LIHEN.CO;114000;Disponible / por confirmar;Chaleco Extremo de LIHEN.CO. Producto confirmado para el catálogo de LIHEN.CO en la categoría Ropa deportiva / faja. Consulta por WhatsApp para confirmar disponibilidad, talla, color o referencia antes de realizar el pedido.;Por confirmar;Por confirmar;Producto confirmado;cinturillas;chaleco_extremo;./assets/productos/STYLE/cinturillas/chaleco_extremo/chaleco_extremo_0.webp|./assets/productos/STYLE/cinturillas/chaleco_extremo/chaleco_extremo_1.webp
S48;Activo;Style;Ropa deportiva / faja;Chaleco tira brasier Látex;LIHEN.CO;84000;Disponible / por confirmar;Chaleco tira brasier Látex de LIHEN.CO. Producto confirmado para el catálogo de LIHEN.CO en la categoría Ropa deportiva / faja. Consulta por WhatsApp para confirmar disponibilidad, talla, color o referencia antes de realizar el pedido.;Por confirmar;Por confirmar;Producto confirmado;cinturillas;chaleco_tira_brasier_latex;./assets/productos/STYLE/cinturillas/chaleco_tira_brasier_latex/chaleco_tira_brasier_latex_0.webp|./assets/productos/STYLE/cinturillas/chaleco_tira_brasier_latex/chaleco_tira_brasier_latex_1.webp
S49;Activo;Style;Ropa deportiva / faja;Cinturilla Extrema;LIHEN.CO;91500;Disponible / por confirmar;Cinturilla Extrema de LIHEN.CO. Producto confirmado para el catálogo de LIHEN.CO en la categoría Ropa deportiva / faja. Consulta por WhatsApp para confirmar disponibilidad, talla, color o referencia antes de realizar el pedido.;Por confirmar;Por confirmar;Producto confirmado;cinturillas;cinturilla_extrema;./assets/productos/STYLE/cinturillas/cinturilla_extrema/cinturilla_extrema_0.webp|./assets/productos/STYLE/cinturillas/cinturilla_extrema/cinturilla_extrema_1.webp
S46;Activo;Style;Ropa deportiva / faja;Cinturilla Látex;LIHEN.CO;61000;Disponible / por confirmar;Cinturilla Látex de LIHEN.CO. Producto confirmado para el catálogo de LIHEN.CO en la categoría Ropa deportiva / faja. Consulta por WhatsApp para confirmar disponibilidad, talla, color o referencia antes de realizar el pedido.;Por confirmar;Por confirmar;Producto confirmado;cinturillas;cinturilla_latex;./assets/productos/STYLE/cinturillas/cinturilla_latex/cinturilla_latex_0.webp|./assets/productos/STYLE/cinturillas/cinturilla_latex/cinturilla_latex_1.webp
S47;Activo;Style;Ropa deportiva / faja;Cinturilla Magic Látex;LIHEN.CO;61000;Disponible / por confirmar;Cinturilla Magic Látex de LIHEN.CO. Producto confirmado para el catálogo de LIHEN.CO en la categoría Ropa deportiva / faja. Consulta por WhatsApp para confirmar disponibilidad, talla, color o referencia antes de realizar el pedido.;Por confirmar;Por confirmar;Producto confirmado;cinturillas;cinturilla_magic_latex;./assets/productos/STYLE/cinturillas/cinturilla_magic_latex/cinturilla_magic_latex_0.webp|./assets/productos/STYLE/cinturillas/cinturilla_magic_latex/cinturilla_magic_latex_1.webp
S27;Activo;Style;Ropa deportiva / enterizo largo;Enterizo Any 2 largo suplex;LIHEN.CO;72000;Disponible / por confirmar;Enterizo Any 2 largo suplex de LIHEN.CO. Producto confirmado para el catálogo de LIHEN.CO en la categoría Ropa deportiva / enterizo largo. Consulta por WhatsApp para confirmar disponibilidad, talla, color o referencia antes de realizar el pedido.;Por confirmar;Por confirmar;Producto confirmado;enterizos;enterizo_any_2_largo_suplex;./assets/productos/STYLE/enterizos/enterizo_any_2_largo_suplex/enterizo_any_2_largo_suplex_0.webp
S25;Activo;Style;Ropa deportiva / enterizo corto;Enterizo Any push up corto suplex;LIHEN.CO;61500;Disponible / por confirmar;Enterizo Any push up corto suplex de LIHEN.CO. Producto confirmado para el catálogo de LIHEN.CO en la categoría Ropa deportiva / enterizo corto. Consulta por WhatsApp para confirmar disponibilidad, talla, color o referencia antes de realizar el pedido.;Por confirmar;Por confirmar;Producto confirmado;enterizos;enterizo_any_push_up_corto_suplex;./assets/productos/STYLE/enterizos/enterizo_any_push_up_corto_suplex/enterizo_any_push_up_corto_suplex_0.webp|./assets/productos/STYLE/enterizos/enterizo_any_push_up_corto_suplex/enterizo_any_push_up_corto_suplex_1.webp|./assets/productos/STYLE/enterizos/enterizo_any_push_up_corto_suplex/enterizo_any_push_up_corto_suplex_2.webp|./assets/productos/STYLE/enterizos/enterizo_any_push_up_corto_suplex/enterizo_any_push_up_corto_suplex_3.webp
S23;Activo;Style;Ropa deportiva / enterizo corto;Enterizo Danna push up corto suplex;LIHEN.CO;61500;Disponible / por confirmar;Enterizo Danna push up corto suplex de LIHEN.CO. Producto confirmado para el catálogo de LIHEN.CO en la categoría Ropa deportiva / enterizo corto. Consulta por WhatsApp para confirmar disponibilidad, talla, color o referencia antes de realizar el pedido.;Por confirmar;Por confirmar;Producto confirmado;enterizos;enterizo_danna_push_up_corto_suplex;./assets/productos/STYLE/enterizos/enterizo_danna_push_up_corto_suplex/enterizo_danna_push_up_corto_suplex_0.webp|./assets/productos/STYLE/enterizos/enterizo_danna_push_up_corto_suplex/enterizo_danna_push_up_corto_suplex_1.webp|./assets/productos/STYLE/enterizos/enterizo_danna_push_up_corto_suplex/enterizo_danna_push_up_corto_suplex_2.webp|./assets/productos/STYLE/enterizos/enterizo_danna_push_up_corto_suplex/enterizo_danna_push_up_corto_suplex_3.webp|./assets/productos/STYLE/enterizos/enterizo_danna_push_up_corto_suplex/enterizo_danna_push_up_corto_suplex_4.webp
S28;Activo;Style;Ropa deportiva / enterizo largo;Enterizo Frida 2 push up largo suplex;LIHEN.CO;75000;Disponible / por confirmar;Enterizo Frida 2 push up largo suplex de LIHEN.CO. Producto confirmado para el catálogo de LIHEN.CO en la categoría Ropa deportiva / enterizo largo. Consulta por WhatsApp para confirmar disponibilidad, talla, color o referencia antes de realizar el pedido.;Por confirmar;Por confirmar;Producto confirmado;enterizos;enterizo_frida_2_push_up_largo_suplex;./assets/productos/STYLE/enterizos/enterizo_frida_2_push_up_largo_suplex/enterizo_frida_2_push_up_largo_suplex_0.webp|./assets/productos/STYLE/enterizos/enterizo_frida_2_push_up_largo_suplex/enterizo_frida_2_push_up_largo_suplex_1.webp|./assets/productos/STYLE/enterizos/enterizo_frida_2_push_up_largo_suplex/enterizo_frida_2_push_up_largo_suplex_2.webp|./assets/productos/STYLE/enterizos/enterizo_frida_2_push_up_largo_suplex/enterizo_frida_2_push_up_largo_suplex_3.webp|./assets/productos/STYLE/enterizos/enterizo_frida_2_push_up_largo_suplex/enterizo_frida_2_push_up_largo_suplex_4.webp|./assets/productos/STYLE/enterizos/enterizo_frida_2_push_up_largo_suplex/enterizo_frida_2_push_up_largo_suplex_5.webp|./assets/productos/STYLE/enterizos/enterizo_frida_2_push_up_largo_suplex/enterizo_frida_2_push_up_largo_suplex_6.webp
S26;Activo;Style;Ropa deportiva / enterizo corto;Enterizo Fryda corto suplex;LIHEN.CO;61500;Disponible / por confirmar;Enterizo Fryda corto suplex de LIHEN.CO. Producto confirmado para el catálogo de LIHEN.CO en la categoría Ropa deportiva / enterizo corto. Consulta por WhatsApp para confirmar disponibilidad, talla, color o referencia antes de realizar el pedido.;Por confirmar;Por confirmar;Producto confirmado;enterizos;enterizo_fryda_corto_suplex;./assets/productos/STYLE/enterizos/enterizo_fryda_corto_suplex/enterizo_fryda_corto_suplex_0.webp|./assets/productos/STYLE/enterizos/enterizo_fryda_corto_suplex/enterizo_fryda_corto_suplex_1.webp
S34;Activo;Style;Ropa deportiva / enterizo largo;Enterizo Jenny largo suplex;LIHEN.CO;64500;Disponible / por confirmar;Enterizo Jenny largo suplex de LIHEN.CO. Producto confirmado para el catálogo de LIHEN.CO en la categoría Ropa deportiva / enterizo largo. Consulta por WhatsApp para confirmar disponibilidad, talla, color o referencia antes de realizar el pedido.;Por confirmar;Por confirmar;Producto confirmado;enterizos;enterizo_jenny_largo_suplex;./assets/productos/STYLE/enterizos/enterizo_jenny_largo_suplex/enterizo_jenny_largo_suplex_0.webp|./assets/productos/STYLE/enterizos/enterizo_jenny_largo_suplex/enterizo_jenny_largo_suplex_1.webp
S33;Activo;Style;Ropa deportiva / enterizo largo;Enterizo largo bota campana suplex;LIHEN.CO;112500;Disponible / por confirmar;Enterizo largo bota campana suplex de LIHEN.CO. Producto confirmado para el catálogo de LIHEN.CO en la categoría Ropa deportiva / enterizo largo. Consulta por WhatsApp para confirmar disponibilidad, talla, color o referencia antes de realizar el pedido.;Por confirmar;Por confirmar;Producto confirmado;enterizos;enterizo_largo_bota_campana_suplex;./assets/productos/STYLE/enterizos/enterizo_largo_bota_campana_suplex/enterizo_largo_bota_campana_suplex_0.webp|./assets/productos/STYLE/enterizos/enterizo_largo_bota_campana_suplex/enterizo_largo_bota_campana_suplex_1.webp
S29;Activo;Style;Ropa deportiva / enterizo largo;Enterizo Lina push up largo suplex;LIHEN.CO;72000;Disponible / por confirmar;Enterizo Lina push up largo suplex de LIHEN.CO. Producto confirmado para el catálogo de LIHEN.CO en la categoría Ropa deportiva / enterizo largo. Consulta por WhatsApp para confirmar disponibilidad, talla, color o referencia antes de realizar el pedido.;Por confirmar;Por confirmar;Producto confirmado;enterizos;enterizo_lina_push_up_largo_suplex;./assets/productos/STYLE/enterizos/enterizo_lina_push_up_largo_suplex/enterizo_lina_push_up_largo_suplex_0.webp|./assets/productos/STYLE/enterizos/enterizo_lina_push_up_largo_suplex/enterizo_lina_push_up_largo_suplex_1.webp
S31;Activo;Style;Ropa deportiva / enterizo largo;Enterizo Lupita push up largo;LIHEN.CO;67500;Disponible / por confirmar;Enterizo Lupita push up largo de LIHEN.CO. Producto confirmado para el catálogo de LIHEN.CO en la categoría Ropa deportiva / enterizo largo. Consulta por WhatsApp para confirmar disponibilidad, talla, color o referencia antes de realizar el pedido.;Por confirmar;Por confirmar;Producto confirmado;enterizos;enterizo_lupita_push_up_largo;./assets/productos/STYLE/enterizos/enterizo_lupita_push_up_largo/enterizo_lupita_push_up_largo_0.webp|./assets/productos/STYLE/enterizos/enterizo_lupita_push_up_largo/enterizo_lupita_push_up_largo_1.webp
S30;Activo;Style;Ropa deportiva / enterizo largo;Enterizo Lupita push up largo bota ancha;LIHEN.CO;72000;Disponible / por confirmar;Enterizo Lupita push up largo bota ancha de LIHEN.CO. Producto confirmado para el catálogo de LIHEN.CO en la categoría Ropa deportiva / enterizo largo. Consulta por WhatsApp para confirmar disponibilidad, talla, color o referencia antes de realizar el pedido.;Por confirmar;Por confirmar;Producto confirmado;enterizos;enterizo_lupita_push_up_largo_bota_ancha;./assets/productos/STYLE/enterizos/enterizo_lupita_push_up_largo_bota_ancha/enterizo_lupita_push_up_largo_bota_ancha_0.webp|./assets/productos/STYLE/enterizos/enterizo_lupita_push_up_largo_bota_ancha/enterizo_lupita_push_up_largo_bota_ancha_1.webp
S24;Activo;Style;Ropa deportiva / enterizo corto;Enterizo Roma push up corto suplex;LIHEN.CO;61500;Disponible / por confirmar;Enterizo Roma push up corto suplex de LIHEN.CO. Producto confirmado para el catálogo de LIHEN.CO en la categoría Ropa deportiva / enterizo corto. Consulta por WhatsApp para confirmar disponibilidad, talla, color o referencia antes de realizar el pedido.;Por confirmar;Por confirmar;Producto confirmado;enterizos;enterizo_roma_push_up_corto_suplex;./assets/productos/STYLE/enterizos/enterizo_roma_push_up_corto_suplex/enterizo_roma_push_up_corto_suplex_0.webp|./assets/productos/STYLE/enterizos/enterizo_roma_push_up_corto_suplex/enterizo_roma_push_up_corto_suplex_1.webp
S32;Activo;Style;Ropa deportiva / enterizo largo;Enterizo Roma push up largo bota ancha suplex;LIHEN.CO;72000;Disponible / por confirmar;Enterizo Roma push up largo bota ancha suplex de LIHEN.CO. Producto confirmado para el catálogo de LIHEN.CO en la categoría Ropa deportiva / enterizo largo. Consulta por WhatsApp para confirmar disponibilidad, talla, color o referencia antes de realizar el pedido.;Por confirmar;Por confirmar;Producto confirmado;enterizos;enterizo_roma_push_up_largo_bota_ancha_suplex;./assets/productos/STYLE/enterizos/enterizo_roma_push_up_largo_bota_ancha_suplex/enterizo_roma_push_up_largo_bota_ancha_suplex_0.webp|./assets/productos/STYLE/enterizos/enterizo_roma_push_up_largo_bota_ancha_suplex/enterizo_roma_push_up_largo_bota_ancha_suplex_1.webp
S22;Activo;Style;Ropa deportiva / enterizo corto;Enterizo Sandy corto suplex;LIHEN.CO;78000;Disponible / por confirmar;Enterizo Sandy corto suplex de LIHEN.CO. Producto confirmado para el catálogo de LIHEN.CO en la categoría Ropa deportiva / enterizo corto. Consulta por WhatsApp para confirmar disponibilidad, talla, color o referencia antes de realizar el pedido.;Por confirmar;Por confirmar;Producto confirmado;enterizos;enterizo_sandy_corto_suplex;./assets/productos/STYLE/enterizos/enterizo_sandy_corto_suplex/enterizo_sandy_corto_suplex_0.webp|./assets/productos/STYLE/enterizos/enterizo_sandy_corto_suplex/enterizo_sandy_corto_suplex_1.webp
S45;Activo;Style;Ropa deportiva / chaqueta mujer;Chaqueta importada dama sin capucha;LIHEN.CO;87000;Disponible / por confirmar;Chaqueta importada dama sin capucha de LIHEN.CO. Producto confirmado para el catálogo de LIHEN.CO en la categoría Ropa deportiva / chaqueta mujer. Consulta por WhatsApp para confirmar disponibilidad, talla, color o referencia antes de realizar el pedido.;Por confirmar;Por confirmar;Producto confirmado;ropa_deportiva;chaqueta_importada_dama_sin_capucha;./assets/productos/STYLE/ropa_deportiva/chaqueta_importada_dama_sin_capucha/chaqueta_importada_dama_sin_capucha_0.webp
S43;Activo;Style;Ropa deportiva / chaqueta mujer;Chaqueta manga larga Capriati;LIHEN.CO;28500;Disponible / por confirmar;Chaqueta manga larga Capriati de LIHEN.CO. Producto confirmado para el catálogo de LIHEN.CO en la categoría Ropa deportiva / chaqueta mujer. Consulta por WhatsApp para confirmar disponibilidad, talla, color o referencia antes de realizar el pedido.;Por confirmar;Por confirmar;Producto confirmado;ropa_deportiva;chaqueta_manga_larga_capriati;./assets/productos/STYLE/ropa_deportiva/chaqueta_manga_larga_capriati/chaqueta_manga_larga_capriati_0.webp
S08;Activo;Style;Ropa deportiva / conjunto mujer;Conjunto 3 piezas;LIHEN.CO;82500;Disponible / por confirmar;Conjunto 3 piezas de LIHEN.CO. Producto confirmado para el catálogo de LIHEN.CO en la categoría Ropa deportiva / conjunto mujer. Consulta por WhatsApp para confirmar disponibilidad, talla, color o referencia antes de realizar el pedido.;Por confirmar;Por confirmar;Producto confirmado;ropa_deportiva;conjunto_3_piezas;./assets/productos/STYLE/ropa_deportiva/conjunto_3_piezas/conjunto_3_piezas_0.webp|./assets/productos/STYLE/ropa_deportiva/conjunto_3_piezas/conjunto_3_piezas_1.webp|./assets/productos/STYLE/ropa_deportiva/conjunto_3_piezas/conjunto_3_piezas_2.webp|./assets/productos/STYLE/ropa_deportiva/conjunto_3_piezas/conjunto_3_piezas_3.webp|./assets/productos/STYLE/ropa_deportiva/conjunto_3_piezas/conjunto_3_piezas_4.webp|./assets/productos/STYLE/ropa_deportiva/conjunto_3_piezas/conjunto_3_piezas_5.webp
S16;Activo;Style;Ropa deportiva / conjunto mujer;Conjunto Danny;LIHEN.CO;69000;Disponible / por confirmar;Conjunto Danny de LIHEN.CO. Producto confirmado para el catálogo de LIHEN.CO en la categoría Ropa deportiva / conjunto mujer. Consulta por WhatsApp para confirmar disponibilidad, talla, color o referencia antes de realizar el pedido.;Por confirmar;Por confirmar;Producto confirmado;ropa_deportiva;conjunto_danny;./assets/productos/STYLE/ropa_deportiva/conjunto_danny/conjunto_danny_0.webp|./assets/productos/STYLE/ropa_deportiva/conjunto_danny/conjunto_danny_1.webp|./assets/productos/STYLE/ropa_deportiva/conjunto_danny/conjunto_danny_2.webp|./assets/productos/STYLE/ropa_deportiva/conjunto_danny/conjunto_danny_3.webp|./assets/productos/STYLE/ropa_deportiva/conjunto_danny/conjunto_danny_4.webp|./assets/productos/STYLE/ropa_deportiva/conjunto_danny/conjunto_danny_5.webp
S52;Activo;Style;Ropa deportiva / conjunto mujer;Conjunto Natzuki;LIHEN.CO;82500;Disponible / por confirmar;Conjunto Natzuki de LIHEN.CO. Producto confirmado para el catálogo de LIHEN.CO en la categoría Ropa deportiva / conjunto mujer. Consulta por WhatsApp para confirmar disponibilidad, talla, color o referencia antes de realizar el pedido.;Por confirmar;Por confirmar;Producto confirmado;ropa_deportiva;conjunto_natzuki;./assets/productos/STYLE/ropa_deportiva/conjunto_natzuki/conjunto_natzuki_0.webp|./assets/productos/STYLE/ropa_deportiva/conjunto_natzuki/conjunto_natzuki_1.webp|./assets/productos/STYLE/ropa_deportiva/conjunto_natzuki/conjunto_natzuki_2.webp
S07;Activo;Style;Ropa deportiva / conjunto mujer;Conjunto Yoga;LIHEN.CO;108000;Disponible / por confirmar;Conjunto Yoga de LIHEN.CO. Producto confirmado para el catálogo de LIHEN.CO en la categoría Ropa deportiva / conjunto mujer. Consulta por WhatsApp para confirmar disponibilidad, talla, color o referencia antes de realizar el pedido.;Por confirmar;Por confirmar;Producto confirmado;ropa_deportiva;conjunto_yoga;./assets/productos/STYLE/ropa_deportiva/conjunto_yoga/conjunto_yoga_0.webp|./assets/productos/STYLE/ropa_deportiva/conjunto_yoga/conjunto_yoga_1.webp|./assets/productos/STYLE/ropa_deportiva/conjunto_yoga/conjunto_yoga_2.webp|./assets/productos/STYLE/ropa_deportiva/conjunto_yoga/conjunto_yoga_3.webp|./assets/productos/STYLE/ropa_deportiva/conjunto_yoga/conjunto_yoga_4.webp|./assets/productos/STYLE/ropa_deportiva/conjunto_yoga/conjunto_yoga_5.webp|./assets/productos/STYLE/ropa_deportiva/conjunto_yoga/conjunto_yoga_6.webp|./assets/productos/STYLE/ropa_deportiva/conjunto_yoga/conjunto_yoga_7.webp|./assets/productos/STYLE/ropa_deportiva/conjunto_yoga/conjunto_yoga_8.webp|./assets/productos/STYLE/ropa_deportiva/conjunto_yoga/conjunto_yoga_9.webp
S15;Activo;Style;Ropa deportiva / conjunto mujer;Falda prenses + top unicolor;LIHEN.CO;63000;Disponible / por confirmar;Falda prenses + top unicolor de LIHEN.CO. Producto confirmado para el catálogo de LIHEN.CO en la categoría Ropa deportiva / conjunto mujer. Consulta por WhatsApp para confirmar disponibilidad, talla, color o referencia antes de realizar el pedido.;Por confirmar;Por confirmar;Producto confirmado;ropa_deportiva;falda_prenses_top_unicolor;./assets/productos/STYLE/ropa_deportiva/falda_prenses_top_unicolor/falda_prenses_top_unicolor_0.webp|./assets/productos/STYLE/ropa_deportiva/falda_prenses_top_unicolor/falda_prenses_top_unicolor_1.webp
S17;Activo;Style;Ropa deportiva / conjunto mujer;Falda suplex + top cuello;LIHEN.CO;57000;Disponible / por confirmar;Falda suplex + top cuello de LIHEN.CO. Producto confirmado para el catálogo de LIHEN.CO en la categoría Ropa deportiva / conjunto mujer. Consulta por WhatsApp para confirmar disponibilidad, talla, color o referencia antes de realizar el pedido.;Por confirmar;Por confirmar;Producto confirmado;ropa_deportiva;falda_suplex_top_cuello;./assets/productos/STYLE/ropa_deportiva/falda_suplex_top_cuello/falda_suplex_top_cuello_0.webp|./assets/productos/STYLE/ropa_deportiva/falda_suplex_top_cuello/falda_suplex_top_cuello_1.webp|./assets/productos/STYLE/ropa_deportiva/falda_suplex_top_cuello/falda_suplex_top_cuello_2.webp
S14;Activo;Style;Ropa deportiva / conjunto mujer;Falda unicolor + top;LIHEN.CO;48000;Disponible / por confirmar;Falda unicolor + top de LIHEN.CO. Producto confirmado para el catálogo de LIHEN.CO en la categoría Ropa deportiva / conjunto mujer. Consulta por WhatsApp para confirmar disponibilidad, talla, color o referencia antes de realizar el pedido.;Por confirmar;Por confirmar;Producto confirmado;ropa_deportiva;falda_unicolor_top;./assets/productos/STYLE/ropa_deportiva/falda_unicolor_top/falda_unicolor_top_0.webp|./assets/productos/STYLE/ropa_deportiva/falda_unicolor_top/falda_unicolor_top_1.webp|./assets/productos/STYLE/ropa_deportiva/falda_unicolor_top/falda_unicolor_top_2.webp|./assets/productos/STYLE/ropa_deportiva/falda_unicolor_top/falda_unicolor_top_3.webp|./assets/productos/STYLE/ropa_deportiva/falda_unicolor_top/falda_unicolor_top_4.webp|./assets/productos/STYLE/ropa_deportiva/falda_unicolor_top/falda_unicolor_top_5.webp|./assets/productos/STYLE/ropa_deportiva/falda_unicolor_top/falda_unicolor_top_6.webp|./assets/productos/STYLE/ropa_deportiva/falda_unicolor_top/falda_unicolor_top_7.webp
S06;Activo;Style;Ropa deportiva / licra mujer;Licra bota ancha suplex cierre;LIHEN.CO;57000;Disponible / por confirmar;Licra bota ancha suplex cierre de LIHEN.CO. Producto confirmado para el catálogo de LIHEN.CO en la categoría Ropa deportiva / licra mujer. Consulta por WhatsApp para confirmar disponibilidad, talla, color o referencia antes de realizar el pedido.;Por confirmar;Por confirmar;Producto confirmado;ropa_deportiva;licra_bota_ancha_suplex_cierre;./assets/productos/STYLE/ropa_deportiva/licra_bota_ancha_suplex_cierre/licra_bota_ancha_suplex_cierre_0.webp|./assets/productos/STYLE/ropa_deportiva/licra_bota_ancha_suplex_cierre/licra_bota_ancha_suplex_cierre_1.webp|./assets/productos/STYLE/ropa_deportiva/licra_bota_ancha_suplex_cierre/licra_bota_ancha_suplex_cierre_2.webp|./assets/productos/STYLE/ropa_deportiva/licra_bota_ancha_suplex_cierre/licra_bota_ancha_suplex_cierre_3.webp|./assets/productos/STYLE/ropa_deportiva/licra_bota_ancha_suplex_cierre/licra_bota_ancha_suplex_cierre_4.webp
S04;Activo;Style;Ropa deportiva / conjunto mujer;Licra bota ancha suplex + top;LIHEN.CO;63000;Disponible / por confirmar;Licra bota ancha suplex + top de LIHEN.CO. Producto confirmado para el catálogo de LIHEN.CO en la categoría Ropa deportiva / conjunto mujer. Consulta por WhatsApp para confirmar disponibilidad, talla, color o referencia antes de realizar el pedido.;Por confirmar;Por confirmar;Producto confirmado;ropa_deportiva;licra_bota_ancha_suplex_top;./assets/productos/STYLE/ropa_deportiva/licra_bota_ancha_suplex_top/licra_bota_ancha_suplex_top_0.webp|./assets/productos/STYLE/ropa_deportiva/licra_bota_ancha_suplex_top/licra_bota_ancha_suplex_top_1.webp|./assets/productos/STYLE/ropa_deportiva/licra_bota_ancha_suplex_top/licra_bota_ancha_suplex_top_2.webp|./assets/productos/STYLE/ropa_deportiva/licra_bota_ancha_suplex_top/licra_bota_ancha_suplex_top_3.webp|./assets/productos/STYLE/ropa_deportiva/licra_bota_ancha_suplex_top/licra_bota_ancha_suplex_top_4.webp|./assets/productos/STYLE/ropa_deportiva/licra_bota_ancha_suplex_top/licra_bota_ancha_suplex_top_5.webp
S01;Activo;Style;Ropa deportiva / conjunto mujer;Licra bota ancha unicolor con vivo + top;LIHEN.CO;82500;Disponible / por confirmar;Licra bota ancha unicolor con vivo + top de LIHEN.CO. Producto confirmado para el catálogo de LIHEN.CO en la categoría Ropa deportiva / conjunto mujer. Consulta por WhatsApp para confirmar disponibilidad, talla, color o referencia antes de realizar el pedido.;Por confirmar;Por confirmar;Producto confirmado;ropa_deportiva;licra_bota_ancha_unicolor_con_vivo_top;./assets/productos/STYLE/ropa_deportiva/licra_bota_ancha_unicolor_con_vivo_top/licra_bota_ancha_unicolor_con_vivo_top_0.webp|./assets/productos/STYLE/ropa_deportiva/licra_bota_ancha_unicolor_con_vivo_top/licra_bota_ancha_unicolor_con_vivo_top_1.webp
S05;Activo;Style;Ropa deportiva / licra mujer;Licra sirena bota ancha suplex;LIHEN.CO;57000;Disponible / por confirmar;Licra sirena bota ancha suplex de LIHEN.CO. Producto confirmado para el catálogo de LIHEN.CO en la categoría Ropa deportiva / licra mujer. Consulta por WhatsApp para confirmar disponibilidad, talla, color o referencia antes de realizar el pedido.;Por confirmar;Por confirmar;Producto confirmado;ropa_deportiva;licra_sirena_bota_ancha_suplex;./assets/productos/STYLE/ropa_deportiva/licra_sirena_bota_ancha_suplex/licra_sirena_bota_ancha_suplex_0.webp|./assets/productos/STYLE/ropa_deportiva/licra_sirena_bota_ancha_suplex/licra_sirena_bota_ancha_suplex_1.webp|./assets/productos/STYLE/ropa_deportiva/licra_sirena_bota_ancha_suplex/licra_sirena_bota_ancha_suplex_2.webp|./assets/productos/STYLE/ropa_deportiva/licra_sirena_bota_ancha_suplex/licra_sirena_bota_ancha_suplex_3.webp|./assets/productos/STYLE/ropa_deportiva/licra_sirena_bota_ancha_suplex/licra_sirena_bota_ancha_suplex_4.webp|./assets/productos/STYLE/ropa_deportiva/licra_sirena_bota_ancha_suplex/licra_sirena_bota_ancha_suplex_5.webp
S03;Activo;Style;Ropa deportiva / licra mujer;Licra sirena unicolor;LIHEN.CO;37500;Disponible / por confirmar;Licra sirena unicolor de LIHEN.CO. Producto confirmado para el catálogo de LIHEN.CO en la categoría Ropa deportiva / licra mujer. Consulta por WhatsApp para confirmar disponibilidad, talla, color o referencia antes de realizar el pedido.;Por confirmar;Por confirmar;Producto confirmado;ropa_deportiva;licra_sirena_unicolor;./assets/productos/STYLE/ropa_deportiva/licra_sirena_unicolor/licra_sirena_unicolor_0.webp|./assets/productos/STYLE/ropa_deportiva/licra_sirena_unicolor/licra_sirena_unicolor_1.webp|./assets/productos/STYLE/ropa_deportiva/licra_sirena_unicolor/licra_sirena_unicolor_2.webp|./assets/productos/STYLE/ropa_deportiva/licra_sirena_unicolor/licra_sirena_unicolor_3.webp|./assets/productos/STYLE/ropa_deportiva/licra_sirena_unicolor/licra_sirena_unicolor_4.webp|./assets/productos/STYLE/ropa_deportiva/licra_sirena_unicolor/licra_sirena_unicolor_5.webp|./assets/productos/STYLE/ropa_deportiva/licra_sirena_unicolor/licra_sirena_unicolor_6.webp
S13;Activo;Style;Ropa deportiva / pantaloneta mujer;Pantaloneta dama antifluido con licra interna;LIHEN.CO;42000;Disponible / por confirmar;Pantaloneta dama antifluido con licra interna de LIHEN.CO. Producto confirmado para el catálogo de LIHEN.CO en la categoría Ropa deportiva / pantaloneta mujer. Consulta por WhatsApp para confirmar disponibilidad, talla, color o referencia antes de realizar el pedido.;Por confirmar;Por confirmar;Producto confirmado;ropa_deportiva;pantaloneta_dama_antifluido_con_licra_interna;./assets/productos/STYLE/ropa_deportiva/pantaloneta_dama_antifluido_con_licra_interna/pantaloneta_dama_antifluido_con_licra_interna_0.webp|./assets/productos/STYLE/ropa_deportiva/pantaloneta_dama_antifluido_con_licra_interna/pantaloneta_dama_antifluido_con_licra_interna_1.webp|./assets/productos/STYLE/ropa_deportiva/pantaloneta_dama_antifluido_con_licra_interna/pantaloneta_dama_antifluido_con_licra_interna_2.webp|./assets/productos/STYLE/ropa_deportiva/pantaloneta_dama_antifluido_con_licra_interna/pantaloneta_dama_antifluido_con_licra_interna_3.webp|./assets/productos/STYLE/ropa_deportiva/pantaloneta_dama_antifluido_con_licra_interna/pantaloneta_dama_antifluido_con_licra_interna_4.webp|./assets/productos/STYLE/ropa_deportiva/pantaloneta_dama_antifluido_con_licra_interna/pantaloneta_dama_antifluido_con_licra_interna_5.webp|./assets/productos/STYLE/ropa_deportiva/pantaloneta_dama_antifluido_con_licra_interna/pantaloneta_dama_antifluido_con_licra_interna_6.webp|./assets/productos/STYLE/ropa_deportiva/pantaloneta_dama_antifluido_con_licra_interna/pantaloneta_dama_antifluido_con_licra_interna_7.webp|./assets/productos/STYLE/ropa_deportiva/pantaloneta_dama_antifluido_con_licra_interna/pantaloneta_dama_antifluido_con_licra_interna_8.webp
S12;Activo;Style;Ropa deportiva / conjunto mujer;Short malla push up suplex + top;LIHEN.CO;45000;Disponible / por confirmar;Short malla push up suplex + top de LIHEN.CO. Producto confirmado para el catálogo de LIHEN.CO en la categoría Ropa deportiva / conjunto mujer. Consulta por WhatsApp para confirmar disponibilidad, talla, color o referencia antes de realizar el pedido.;Por confirmar;Por confirmar;Producto confirmado;ropa_deportiva;short_malla_push_up_suplex_top;./assets/productos/STYLE/ropa_deportiva/short_malla_push_up_suplex_top/short_malla_push_up_suplex_top_0.webp|./assets/productos/STYLE/ropa_deportiva/short_malla_push_up_suplex_top/short_malla_push_up_suplex_top_1.webp|./assets/productos/STYLE/ropa_deportiva/short_malla_push_up_suplex_top/short_malla_push_up_suplex_top_2.webp|./assets/productos/STYLE/ropa_deportiva/short_malla_push_up_suplex_top/short_malla_push_up_suplex_top_3.webp|./assets/productos/STYLE/ropa_deportiva/short_malla_push_up_suplex_top/short_malla_push_up_suplex_top_4.webp|./assets/productos/STYLE/ropa_deportiva/short_malla_push_up_suplex_top/short_malla_push_up_suplex_top_5.webp|./assets/productos/STYLE/ropa_deportiva/short_malla_push_up_suplex_top/short_malla_push_up_suplex_top_6.webp|./assets/productos/STYLE/ropa_deportiva/short_malla_push_up_suplex_top/short_malla_push_up_suplex_top_7.webp|./assets/productos/STYLE/ropa_deportiva/short_malla_push_up_suplex_top/short_malla_push_up_suplex_top_8.webp
S10;Activo;Style;Ropa deportiva / conjunto mujer;Short nylon unicolor + top;LIHEN.CO;33000;Disponible / por confirmar;Short nylon unicolor + top de LIHEN.CO. Producto confirmado para el catálogo de LIHEN.CO en la categoría Ropa deportiva / conjunto mujer. Consulta por WhatsApp para confirmar disponibilidad, talla, color o referencia antes de realizar el pedido.;Por confirmar;Por confirmar;Producto confirmado;ropa_deportiva;short_nylon_unicolor_top;./assets/productos/STYLE/ropa_deportiva/short_nylon_unicolor_top/short_nylon_unicolor_top_0.webp|./assets/productos/STYLE/ropa_deportiva/short_nylon_unicolor_top/short_nylon_unicolor_top_1.webp|./assets/productos/STYLE/ropa_deportiva/short_nylon_unicolor_top/short_nylon_unicolor_top_2.webp|./assets/productos/STYLE/ropa_deportiva/short_nylon_unicolor_top/short_nylon_unicolor_top_3.webp|./assets/productos/STYLE/ropa_deportiva/short_nylon_unicolor_top/short_nylon_unicolor_top_4.webp
S51;Activo;Style;Ropa deportiva / sudadera mujer;Sudadera bota recta burda + chaqueta;LIHEN.CO;82500;Disponible / por confirmar;Sudadera bota recta burda + chaqueta de LIHEN.CO. Producto confirmado para el catálogo de LIHEN.CO en la categoría Ropa deportiva / sudadera mujer. Consulta por WhatsApp para confirmar disponibilidad, talla, color o referencia antes de realizar el pedido.;Por confirmar;Por confirmar;Producto confirmado;ropa_deportiva;sudadera_bota_recta_burda_chaqueta;./assets/productos/STYLE/ropa_deportiva/sudadera_bota_recta_burda_chaqueta/sudadera_bota_recta_burda_chaqueta_0.webp
S55;Activo;Style;Ropa deportiva hombre / camiseta manga larga;Calentador hombre unicolor nacional;LIHEN.CO;37500;Disponible / por confirmar;Calentador hombre unicolor nacional de LIHEN.CO. Producto confirmado para el catálogo de LIHEN.CO en la categoría Ropa deportiva hombre / camiseta manga larga. Consulta por WhatsApp para confirmar disponibilidad, talla, color o referencia antes de realizar el pedido.;Por confirmar;Por confirmar;Producto confirmado;ropa_deportiva_hombre;calentador_hombre_unicolor_nacional;./assets/productos/STYLE/ropa_deportiva_hombre/calentador_hombre_unicolor_nacional/calentador_hombre_unicolor_nacional_0.webp|./assets/productos/STYLE/ropa_deportiva_hombre/calentador_hombre_unicolor_nacional/calentador_hombre_unicolor_nacional_1.webp|./assets/productos/STYLE/ropa_deportiva_hombre/calentador_hombre_unicolor_nacional/calentador_hombre_unicolor_nacional_2.webp|./assets/productos/STYLE/ropa_deportiva_hombre/calentador_hombre_unicolor_nacional/calentador_hombre_unicolor_nacional_3.webp|./assets/productos/STYLE/ropa_deportiva_hombre/calentador_hombre_unicolor_nacional/calentador_hombre_unicolor_nacional_4.webp|./assets/productos/STYLE/ropa_deportiva_hombre/calentador_hombre_unicolor_nacional/calentador_hombre_unicolor_nacional_5.webp
S56;Activo;Style;Ropa deportiva hombre / camiseta sin mangas;Camiseta hombre esqueleto nacional;LIHEN.CO;30500;Disponible / por confirmar;Camiseta hombre esqueleto nacional de LIHEN.CO. Producto confirmado para el catálogo de LIHEN.CO en la categoría Ropa deportiva hombre / camiseta sin mangas. Consulta por WhatsApp para confirmar disponibilidad, talla, color o referencia antes de realizar el pedido.;Por confirmar;Por confirmar;Producto confirmado;ropa_deportiva_hombre;camiseta_hombre_esqueleto_nacional;./assets/productos/STYLE/ropa_deportiva_hombre/camiseta_hombre_esqueleto_nacional/camiseta_hombre_esqueleto_nacional_0.webp|./assets/productos/STYLE/ropa_deportiva_hombre/camiseta_hombre_esqueleto_nacional/camiseta_hombre_esqueleto_nacional_1.webp|./assets/productos/STYLE/ropa_deportiva_hombre/camiseta_hombre_esqueleto_nacional/camiseta_hombre_esqueleto_nacional_2.webp|./assets/productos/STYLE/ropa_deportiva_hombre/camiseta_hombre_esqueleto_nacional/camiseta_hombre_esqueleto_nacional_3.webp|./assets/productos/STYLE/ropa_deportiva_hombre/camiseta_hombre_esqueleto_nacional/camiseta_hombre_esqueleto_nacional_4.webp
S53;Activo;Style;Ropa deportiva hombre / camiseta;Camiseta hombre unicolor nacional;LIHEN.CO;30500;Disponible / por confirmar;Camiseta hombre unicolor nacional de LIHEN.CO. Producto confirmado para el catálogo de LIHEN.CO en la categoría Ropa deportiva hombre / camiseta. Consulta por WhatsApp para confirmar disponibilidad, talla, color o referencia antes de realizar el pedido.;Por confirmar;Por confirmar;Producto confirmado;ropa_deportiva_hombre;camiseta_hombre_unicolor_nacional;./assets/productos/STYLE/ropa_deportiva_hombre/camiseta_hombre_unicolor_nacional/camiseta_hombre_unicolor_nacional_0.webp|./assets/productos/STYLE/ropa_deportiva_hombre/camiseta_hombre_unicolor_nacional/camiseta_hombre_unicolor_nacional_1.webp|./assets/productos/STYLE/ropa_deportiva_hombre/camiseta_hombre_unicolor_nacional/camiseta_hombre_unicolor_nacional_2.webp|./assets/productos/STYLE/ropa_deportiva_hombre/camiseta_hombre_unicolor_nacional/camiseta_hombre_unicolor_nacional_3.webp|./assets/productos/STYLE/ropa_deportiva_hombre/camiseta_hombre_unicolor_nacional/camiseta_hombre_unicolor_nacional_4.webp|./assets/productos/STYLE/ropa_deportiva_hombre/camiseta_hombre_unicolor_nacional/camiseta_hombre_unicolor_nacional_5.webp
S62;Activo;Style;Ropa deportiva hombre / camiseta;Camiseta importada hombre;LIHEN.CO;52500;Disponible / por confirmar;Camiseta importada hombre de LIHEN.CO. Producto confirmado para el catálogo de LIHEN.CO en la categoría Ropa deportiva hombre / camiseta. Consulta por WhatsApp para confirmar disponibilidad, talla, color o referencia antes de realizar el pedido.;Por confirmar;Por confirmar;Producto confirmado;ropa_deportiva_hombre;camiseta_importada_hombre;./assets/productos/STYLE/ropa_deportiva_hombre/camiseta_importada_hombre/camiseta_importada_hombre_0.webp|./assets/productos/STYLE/ropa_deportiva_hombre/camiseta_importada_hombre/camiseta_importada_hombre_1.webp|./assets/productos/STYLE/ropa_deportiva_hombre/camiseta_importada_hombre/camiseta_importada_hombre_2.webp|./assets/productos/STYLE/ropa_deportiva_hombre/camiseta_importada_hombre/camiseta_importada_hombre_3.webp|./assets/productos/STYLE/ropa_deportiva_hombre/camiseta_importada_hombre/camiseta_importada_hombre_4.webp
S54;Activo;Style;Ropa deportiva hombre / camiseta;Camiseta oversize hombre;LIHEN.CO;52500;Disponible / por confirmar;Camiseta oversize hombre de LIHEN.CO. Producto confirmado para el catálogo de LIHEN.CO en la categoría Ropa deportiva hombre / camiseta. Consulta por WhatsApp para confirmar disponibilidad, talla, color o referencia antes de realizar el pedido.;Por confirmar;Por confirmar;Producto confirmado;ropa_deportiva_hombre;camiseta_oversize_hombre;./assets/productos/STYLE/ropa_deportiva_hombre/camiseta_oversize_hombre/camiseta_oversize_hombre_0.webp|./assets/productos/STYLE/ropa_deportiva_hombre/camiseta_oversize_hombre/camiseta_oversize_hombre_1.webp|./assets/productos/STYLE/ropa_deportiva_hombre/camiseta_oversize_hombre/camiseta_oversize_hombre_2.webp|./assets/productos/STYLE/ropa_deportiva_hombre/camiseta_oversize_hombre/camiseta_oversize_hombre_3.webp|./assets/productos/STYLE/ropa_deportiva_hombre/camiseta_oversize_hombre/camiseta_oversize_hombre_4.webp|./assets/productos/STYLE/ropa_deportiva_hombre/camiseta_oversize_hombre/camiseta_oversize_hombre_5.webp|./assets/productos/STYLE/ropa_deportiva_hombre/camiseta_oversize_hombre/camiseta_oversize_hombre_6.webp|./assets/productos/STYLE/ropa_deportiva_hombre/camiseta_oversize_hombre/camiseta_oversize_hombre_7.webp
S61;Activo;Style;Ropa deportiva hombre / chaqueta;Chaqueta hombre antifluido con capucha;LIHEN.CO;67500;Disponible / por confirmar;Chaqueta hombre antifluido con capucha de LIHEN.CO. Producto confirmado para el catálogo de LIHEN.CO en la categoría Ropa deportiva hombre / chaqueta. Consulta por WhatsApp para confirmar disponibilidad, talla, color o referencia antes de realizar el pedido.;Por confirmar;Por confirmar;Producto confirmado;ropa_deportiva_hombre;chaqueta_hombre_antifluido_con_capucha;./assets/productos/STYLE/ropa_deportiva_hombre/chaqueta_hombre_antifluido_con_capucha/chaqueta_hombre_antifluido_con_capucha_0.webp|./assets/productos/STYLE/ropa_deportiva_hombre/chaqueta_hombre_antifluido_con_capucha/chaqueta_hombre_antifluido_con_capucha_2.webp|./assets/productos/STYLE/ropa_deportiva_hombre/chaqueta_hombre_antifluido_con_capucha/chaqueta_hombre_antifluido_con_capucha_3.webp|./assets/productos/STYLE/ropa_deportiva_hombre/chaqueta_hombre_antifluido_con_capucha/chaqueta_hombre_antifluido_con_capucha_4.webp|./assets/productos/STYLE/ropa_deportiva_hombre/chaqueta_hombre_antifluido_con_capucha/chaqueta_hombre_antifluido_con_capucha_5.webp
S57;Activo;Style;Ropa deportiva hombre / licra corta;Licra corta hombre nacional;LIHEN.CO;40500;Disponible / por confirmar;Licra corta hombre nacional de LIHEN.CO. Producto confirmado para el catálogo de LIHEN.CO en la categoría Ropa deportiva hombre / licra corta. Consulta por WhatsApp para confirmar disponibilidad, talla, color o referencia antes de realizar el pedido.;Por confirmar;Por confirmar;Producto confirmado;ropa_deportiva_hombre;licra_corta_hombre_nacional;./assets/productos/STYLE/ropa_deportiva_hombre/licra_corta_hombre_nacional/licra_corta_hombre_nacional_0.webp|./assets/productos/STYLE/ropa_deportiva_hombre/licra_corta_hombre_nacional/licra_corta_hombre_nacional_1.webp
S64;Activo;Style;Ropa deportiva hombre / pantaloneta;Pantaloneta importada hombre con licra interna;LIHEN.CO;48000;Disponible / por confirmar;Pantaloneta importada hombre con licra interna de LIHEN.CO. Producto confirmado para el catálogo de LIHEN.CO en la categoría Ropa deportiva hombre / pantaloneta. Consulta por WhatsApp para confirmar disponibilidad, talla, color o referencia antes de realizar el pedido.;Por confirmar;Por confirmar;Producto confirmado;ropa_deportiva_hombre;pantaloneta_importada_hombre_con_licra_interna;./assets/productos/STYLE/ropa_deportiva_hombre/pantaloneta_importada_hombre_con_licra_interna/pantaloneta_importada_hombre_con_licra_interna_0.webp|./assets/productos/STYLE/ropa_deportiva_hombre/pantaloneta_importada_hombre_con_licra_interna/pantaloneta_importada_hombre_con_licra_interna_1.webp|./assets/productos/STYLE/ropa_deportiva_hombre/pantaloneta_importada_hombre_con_licra_interna/pantaloneta_importada_hombre_con_licra_interna_2.webp|./assets/productos/STYLE/ropa_deportiva_hombre/pantaloneta_importada_hombre_con_licra_interna/pantaloneta_importada_hombre_con_licra_interna_3.webp
S63;Activo;Style;Ropa deportiva hombre / pantaloneta;Pantaloneta importada hombre sin licra interna;LIHEN.CO;52500;Disponible / por confirmar;Pantaloneta importada hombre sin licra interna de LIHEN.CO. Producto confirmado para el catálogo de LIHEN.CO en la categoría Ropa deportiva hombre / pantaloneta. Consulta por WhatsApp para confirmar disponibilidad, talla, color o referencia antes de realizar el pedido.;Por confirmar;Por confirmar;Producto confirmado;ropa_deportiva_hombre;pantaloneta_importada_hombre_sin_licra_interna;./assets/productos/STYLE/ropa_deportiva_hombre/pantaloneta_importada_hombre_sin_licra_interna/pantaloneta_importada_hombre_sin_licra_interna_0.webp|./assets/productos/STYLE/ropa_deportiva_hombre/pantaloneta_importada_hombre_sin_licra_interna/pantaloneta_importada_hombre_sin_licra_interna_1.webp|./assets/productos/STYLE/ropa_deportiva_hombre/pantaloneta_importada_hombre_sin_licra_interna/pantaloneta_importada_hombre_sin_licra_interna_2.webp|./assets/productos/STYLE/ropa_deportiva_hombre/pantaloneta_importada_hombre_sin_licra_interna/pantaloneta_importada_hombre_sin_licra_interna_3.webp
S58;Activo;Style;Ropa deportiva hombre / sudadera;Sudadera nacional hombre antifluido;LIHEN.CO;52500;Disponible / por confirmar;Sudadera nacional hombre antifluido de LIHEN.CO. Producto confirmado para el catálogo de LIHEN.CO en la categoría Ropa deportiva hombre / sudadera. Consulta por WhatsApp para confirmar disponibilidad, talla, color o referencia antes de realizar el pedido.;Por confirmar;Por confirmar;Producto confirmado;ropa_deportiva_hombre;sudadera_nacional_hombre_antifluido;./assets/productos/STYLE/ropa_deportiva_hombre/sudadera_nacional_hombre_antifluido/sudadera_nacional_hombre_antifluido_0.webp|./assets/productos/STYLE/ropa_deportiva_hombre/sudadera_nacional_hombre_antifluido/sudadera_nacional_hombre_antifluido_1.webp|./assets/productos/STYLE/ropa_deportiva_hombre/sudadera_nacional_hombre_antifluido/sudadera_nacional_hombre_antifluido_2.webp|./assets/productos/STYLE/ropa_deportiva_hombre/sudadera_nacional_hombre_antifluido/sudadera_nacional_hombre_antifluido_3.webp|./assets/productos/STYLE/ropa_deportiva_hombre/sudadera_nacional_hombre_antifluido/sudadera_nacional_hombre_antifluido_4.webp
S65;Activo;Style;Ropa deportiva niño / camiseta manga larga;Calentador niño;LIHEN.CO;22500;Disponible / por confirmar;Calentador niño de LIHEN.CO. Producto confirmado para el catálogo de LIHEN.CO en la categoría Ropa deportiva niño / camiseta manga larga. Consulta por WhatsApp para confirmar disponibilidad, talla, color o referencia antes de realizar el pedido.;Por confirmar;Por confirmar;Producto confirmado;ropa_deportiva_nino;calentador_nino;./assets/productos/STYLE/ropa_deportiva_nino/calentador_nino/calentador_nino_0.webp|./assets/productos/STYLE/ropa_deportiva_nino/calentador_nino/calentador_nino_1.webp|./assets/productos/STYLE/ropa_deportiva_nino/calentador_nino/calentador_nino_2.webp|./assets/productos/STYLE/ropa_deportiva_nino/calentador_nino/calentador_nino_3.webp
S19;Activo;Style;Ropa deportiva / vestido mujer;Vestido Karla suplex;LIHEN.CO;72000;Disponible / por confirmar;Vestido Karla suplex de LIHEN.CO. Producto confirmado para el catálogo de LIHEN.CO en la categoría Ropa deportiva / vestido mujer. Consulta por WhatsApp para confirmar disponibilidad, talla, color o referencia antes de realizar el pedido.;Por confirmar;Por confirmar;Producto confirmado;vestidos;vestido_karla_suplex;./assets/productos/STYLE/vestidos/vestido_karla_suplex/vestido_karla_suplex_0.webp|./assets/productos/STYLE/vestidos/vestido_karla_suplex/vestido_karla_suplex_1.webp|./assets/productos/STYLE/vestidos/vestido_karla_suplex/vestido_karla_suplex_2.webp|./assets/productos/STYLE/vestidos/vestido_karla_suplex/vestido_karla_suplex_3.webp|./assets/productos/STYLE/vestidos/vestido_karla_suplex/vestido_karla_suplex_4.webp
S18;Activo;Style;Ropa deportiva / vestido mujer;Vestido Lola suplex;LIHEN.CO;72500;Disponible / por confirmar;Vestido Lola suplex de LIHEN.CO. Producto confirmado para el catálogo de LIHEN.CO en la categoría Ropa deportiva / vestido mujer. Consulta por WhatsApp para confirmar disponibilidad, talla, color o referencia antes de realizar el pedido.;Por confirmar;Por confirmar;Producto confirmado;vestidos;vestido_lola_suplex;./assets/productos/STYLE/vestidos/vestido_lola_suplex/vestido_lola_suplex_0.webp|./assets/productos/STYLE/vestidos/vestido_lola_suplex/vestido_lola_suplex_1.webp|./assets/productos/STYLE/vestidos/vestido_lola_suplex/vestido_lola_suplex_2.webp|./assets/productos/STYLE/vestidos/vestido_lola_suplex/vestido_lola_suplex_3.webp
S20;Activo;Style;Ropa deportiva / vestido mujer;Vestido manga corta prenses suplex;LIHEN.CO;75000;Disponible / por confirmar;Vestido manga corta prenses suplex de LIHEN.CO. Producto confirmado para el catálogo de LIHEN.CO en la categoría Ropa deportiva / vestido mujer. Consulta por WhatsApp para confirmar disponibilidad, talla, color o referencia antes de realizar el pedido.;Por confirmar;Por confirmar;Producto confirmado;vestidos;vestido_manga_corta_prenses_suplex;./assets/productos/STYLE/vestidos/vestido_manga_corta_prenses_suplex/vestido_manga_corta_prenses_suplex_0.webp|./assets/productos/STYLE/vestidos/vestido_manga_corta_prenses_suplex/vestido_manga_corta_prenses_suplex_1.webp|./assets/productos/STYLE/vestidos/vestido_manga_corta_prenses_suplex/vestido_manga_corta_prenses_suplex_2.webp
S21;Activo;Style;Ropa deportiva / vestido mujer;Vestido manga larga prenses suplex;LIHEN.CO;79500;Disponible / por confirmar;Vestido manga larga prenses suplex de LIHEN.CO. Producto confirmado para el catálogo de LIHEN.CO en la categoría Ropa deportiva / vestido mujer. Consulta por WhatsApp para confirmar disponibilidad, talla, color o referencia antes de realizar el pedido.;Por confirmar;Por confirmar;Producto confirmado;vestidos;vestido_manga_larga_prenses_suplex;./assets/productos/STYLE/vestidos/vestido_manga_larga_prenses_suplex/vestido_manga_larga_prenses_suplex_0.webp|./assets/productos/STYLE/vestidos/vestido_manga_larga_prenses_suplex/vestido_manga_larga_prenses_suplex_1.webp|./assets/productos/STYLE/vestidos/vestido_manga_larga_prenses_suplex/vestido_manga_larga_prenses_suplex_2.webp|./assets/productos/STYLE/vestidos/vestido_manga_larga_prenses_suplex/vestido_manga_larga_prenses_suplex_3.webp|./assets/productos/STYLE/vestidos/vestido_manga_larga_prenses_suplex/vestido_manga_larga_prenses_suplex_4.webp|./assets/productos/STYLE/vestidos/vestido_manga_larga_prenses_suplex/vestido_manga_larga_prenses_suplex_5.webp
B86;Activo;Beauty Care;Cuidado facial / kit de skincare;Kit Girly Aloe Vera;Girly;140000;Disponible;Kit Girly Aloe Vera con una rutina completa para limpiar, hidratar y cuidar la piel diariamente. Incluye limpiador facial, tónico facial, sérum facial, contorno de ojos y gel hidratante. Su fórmula con aloe vera ayuda a mantener el rostro fresco, suave y con una apariencia saludable. Ideal para una rutina de skincare práctica y completa.;Kit de 5 productos;No aplica;Nuevo ingreso;cuidado_facial;kit_girly_aloe_vera;./assets/productos/BEAUTY_CARE/cuidado_facial/kit_girly_aloe_vera/kit_girly_aloe_vera_0.webp|./assets/productos/BEAUTY_CARE/cuidado_facial/kit_girly_aloe_vera/kit_girly_aloe_vera_1.webp
B87;Activo;Beauty Care;Cuidado corporal / hidratación;Gel Oil Vaseline Cocoa Radiant;Vaseline;66000;Disponible;Gel Oil Vaseline Cocoa Radiant formulado con manteca de cacao para complementar la rutina diaria de cuidado corporal. Ayuda a suavizar la piel, aportar luminosidad y dejar una sensación ligera con un acabado radiante.;200 ml;No aplica;Nuevo ingreso;cuidado_corporal;gel_oil_vaseline_cocoa_radiant;./assets/productos/BEAUTY_CARE/cuidado_corporal/gel_oil_vaseline_cocoa_radiant/gel_oil_vaseline_cocoa_radiant_0.webp|./assets/productos/BEAUTY_CARE/cuidado_corporal/gel_oil_vaseline_cocoa_radiant/gel_oil_vaseline_cocoa_radiant_1.webp
B88;Activo;Beauty Care;Cuidado corporal / mantequilla corporal;Mini Mantequilla Corporal Púrpure;Púrpure by Angie Bedoya;12000;Disponible;Mini mantequilla corporal Púrpure con textura cremosa, ideal para complementar la rutina diaria de cuidado corporal. Ayuda a mantener la piel suave, hidratada y delicadamente perfumada. Su presentación práctica permite llevarla fácilmente en el bolso o la mochila. Disponible en diferentes aromas.;Presentación mini, contenido por confirmar;Fresa, sandía, caramelo, chocolate, maracuyá y chicle;Nuevo ingreso;cuidado_corporal;mini_mantequilla_corporal_purpure;./assets/productos/BEAUTY_CARE/cuidado_corporal/mini_mantequilla_corporal_purpure/mini_mantequilla_corporal_purpure_0.webp|./assets/productos/BEAUTY_CARE/cuidado_corporal/mini_mantequilla_corporal_purpure/mini_mantequilla_corporal_purpure_1.webp
B89;Activo;Beauty Care;Maquillaje / labios;Lip Gloss Destiny;Destiny by La Segura;29000;Disponible;Lip Gloss Destiny by La Segura con brillo intenso y acabado luminoso. Su textura ligera ayuda a mantener los labios con una sensación cómoda e hidratante, sin acabado pesado. Puede usarse solo o sobre el labial favorito y está disponible en seis tonos.;Unidad;Berry Fondue, Tropical Lust, Sangria Kiss, Velvet Cherry, Litchi Honey y Fairy Dust;Nuevo ingreso;maquillaje_de_labios;lip_gloss_destiny;./assets/productos/BEAUTY_CARE/maquillaje_de_labios/lip_gloss_destiny/lip_gloss_destiny_0.webp|./assets/productos/BEAUTY_CARE/maquillaje_de_labios/lip_gloss_destiny/lip_gloss_destiny_1.webp|./assets/productos/BEAUTY_CARE/maquillaje_de_labios/lip_gloss_destiny/lip_gloss_destiny_2.webp
B90;Activo;Beauty Care;Maquillaje / labios;Dúo Lip Liner & Gloss Destiny;Destiny by La Segura;44900;Disponible;Dúo Lip Liner & Gloss Destiny by La Segura, ideal para lograr un acabado definido y luminoso. Incluye lip gloss de textura ligera con brillo sutil y un delineador de aplicación precisa que ayuda a perfilar y complementar el maquillaje de labios. Disponible en seis tonos.;Dúo;Fairy Dust, Berry Fondue, Litchi Honey, Sangria Kiss, Tropical Lust y Velvet Cherry;Nuevo ingreso;maquillaje_de_labios;duo_lip_liner_gloss_destiny;./assets/productos/BEAUTY_CARE/maquillaje_de_labios/duo_lip_liner_gloss_destiny/duo_lip_liner_gloss_destiny_0.webp|./assets/productos/BEAUTY_CARE/maquillaje_de_labios/duo_lip_liner_gloss_destiny/duo_lip_liner_gloss_destiny_1.webp
S66;Activo;Style;Ropa casual hombre / camiseta;Camiseta clásica Polo en tela fría;Polo;40000;Disponible;Camiseta clásica para hombre elaborada en tela fría, fresca y ligera. Cuenta con diseño de cuello redondo, manga corta y logo Polo bordado en el pecho. Su estilo versátil permite combinarla con jeans, joggers o shorts para crear un look casual y cómodo. Disponible en tallas S, M, L y XL, y en varios colores.;S, M, L y XL;Beige, rojo, blanco, gris, negro y rosado;Nuevo ingreso;ropa_casual_hombre;camiseta_clasica_polo_tela_fria;./assets/productos/STYLE/ropa_casual_hombre/camiseta_clasica_polo_tela_fria/camiseta_clasica_polo_tela_fria_0.webp|./assets/productos/STYLE/ropa_casual_hombre/camiseta_clasica_polo_tela_fria/camiseta_clasica_polo_tela_fria_1.webp|./assets/productos/STYLE/ropa_casual_hombre/camiseta_clasica_polo_tela_fria/camiseta_clasica_polo_tela_fria_2.webp|./assets/productos/STYLE/ropa_casual_hombre/camiseta_clasica_polo_tela_fria/camiseta_clasica_polo_tela_fria_3.webp|./assets/productos/STYLE/ropa_casual_hombre/camiseta_clasica_polo_tela_fria/camiseta_clasica_polo_tela_fria_4.webp|./assets/productos/STYLE/ropa_casual_hombre/camiseta_clasica_polo_tela_fria/camiseta_clasica_polo_tela_fria_5.webp
S67;Activo;Style;Ropa deportiva / licra;Licra deportiva corta Nike;Nike;35000;Disponible;Licra deportiva corta Nike elaborada en tela power, diseñada para brindar comodidad, soporte y libertad de movimiento durante el entrenamiento. Cuenta con ajuste cómodo y firme, diseño deportivo y un toque suave que favorece la silueta. Ideal para rutinas fitness y uso deportivo.;Por confirmar;Negro;Nuevo ingreso;ropa_deportiva;licra_deportiva_corta_nike;./assets/productos/STYLE/ropa_deportiva/licra_deportiva_corta_nike/licra_deportiva_corta_nike_0.webp|./assets/productos/STYLE/ropa_deportiva/licra_deportiva_corta_nike/licra_deportiva_corta_nike_1.webp
